line,target_observed_num,target_sequence_num,target_copy_prefix,target_chain,target_ncs,partner_res,partner_observed_num,partner_sequence_num,partner_copy_prefix,partner_chain,partner_ncs,sym2,cell_x,cell_y,cell_z,distance,interaction_type,target_side,inter_chain_or_copy,symmetry_related,hbond_like,good_geometry,mutation_site,observed_site
14,1,1,0,1,0,PHE,155,155,0,3,4,0,0,0,0,3.36,other,res1,True,False,False,True,T1,T1
15,1,1,0,1,0,LYS,154,154,0,3,4,0,0,0,0,3.9,other,res1,True,False,False,True,T1,T1
16,1,1,0,1,0,THR,156,156,0,3,4,0,0,0,0,3.15,hydrogen_bond_like,res1,True,False,True,True,T1,T1
16,156,156,0,3,4,THR,1,1,0,1,0,0,0,0,0,3.15,hydrogen_bond_like,res2,True,False,True,True,T156,T156
17,2,2,0,1,0,PHE,155,155,0,3,4,0,0,0,0,3.95,other,res1,True,False,False,True,T2,T2
18,2,2,0,1,0,LYS,154,154,0,3,4,0,0,0,0,3.03,hydrogen_bond_like,res1,True,False,True,True,T2,T2
19,2,2,0,1,0,ASN,152,152,0,3,4,0,0,0,0,3.15,hydrogen_bond_like,res1,True,False,True,True,T2,T2
20,2,2,0,1,0,GLN,27,27,0,2,3,8,0,0,0,4.18,other,res1,True,True,False,False,T2,T2
21,2,2,0,1,0,ILE,14,14,0,2,3,8,0,0,0,4.57,other,res1,True,True,False,False,T2,T2
22,2,2,0,1,0,THR,25,25,0,2,3,8,0,0,0,4.09,other,res1,True,True,False,False,T2,T2
22,25,25,0,2,3,THR,2,2,0,1,0,8,0,0,0,4.09,other,res2,True,True,False,False,T25,T25
40,156,156,0,3,4,VAL,11,11,0,1,0,0,0,0,0,3.89,other,res2,True,False,False,True,T156,T156
42,12,12,0,1,0,GLY,206,206,0,3,4,0,0,0,0,4.29,other,res1,True,False,False,False,T12,T12
43,12,12,0,1,0,LYS,207,207,0,3,4,0,0,0,0,3.54,other,res1,True,False,False,True,T12,T12
44,12,12,0,1,0,GLU,49,49,0,3,4,0,0,0,0,4.27,other,res1,True,False,False,False,T12,T12
45,12,12,0,1,0,ASN,106,106,0,3,4,0,0,0,0,3.74,other,res1,True,False,False,True,T12,T12
46,12,12,0,1,0,ALA,205,205,0,3,4,0,0,0,0,4.46,other,res1,True,False,False,False,T12,T12
47,13,13,0,1,0,THR,156,156,0,3,4,0,0,0,0,3.26,hydrogen_bond_like,res1,True,False,True,True,T13,T13
47,156,156,0,3,4,THR,13,13,0,1,0,0,0,0,0,3.26,hydrogen_bond_like,res2,True,False,True,True,T156,T156
48,13,13,0,1,0,SER,158,158,0,3,4,0,0,0,0,3.16,hydrogen_bond_like,res1,True,False,True,True,T13,T13
49,13,13,0,1,0,ASN,106,106,0,3,4,0,0,0,0,3.11,hydrogen_bond_like,res1,True,False,True,True,T13,T13
50,13,13,0,1,0,PHE,157,157,0,3,4,0,0,0,0,3.97,other,res1,True,False,False,True,T13,T13
51,14,14,0,1,0,SER,158,158,0,3,4,0,0,0,0,3.3,hydrogen_bond_like,res1,True,False,True,True,T14,T14
52,14,14,0,1,0,LYS,207,207,0,3,4,0,0,0,0,4.15,other,res1,True,False,False,False,T14,T14
56,104,104,0,3,4,VAL,15,15,0,1,0,0,0,0,0,4.19,other,res2,True,False,False,False,T104,T104
60,23,23,0,2,3,ASN,17,17,0,1,0,8,0,0,0,4.05,other,res2,True,True,False,False,T23,T23
70,23,23,0,2,3,TYR,18,18,0,1,0,8,0,0,0,4.17,other,res2,True,True,False,False,T23,T23
71,22,22,0,2,3,TYR,18,18,0,1,0,8,0,0,0,4.88,other,res2,True,True,False,False,T22,T22
82,22,22,0,1,0,ASP,208,208,0,3,4,0,0,0,0,3.56,other,res1,True,False,False,True,T22,T22
83,22,22,0,1,0,LYS,207,207,0,3,4,0,0,0,0,4.0,other,res1,True,False,False,True,T22,T22
97,36,36,0,4,4,ARG,26,26,0,1,0,0,0,0,0,3.76,other,res2,True,False,False,True,T36,T36
118,30,30,0,1,0,TYR,98,98,0,3,4,0,0,0,0,3.46,hydrogen_bond_like,res1,True,False,True,True,T30,T30
119,30,30,0,1,0,ASN,43,43,0,3,4,0,0,0,0,2.72,hydrogen_bond_like,res1,True,False,True,True,T30,T30
120,30,30,0,1,0,LEU,211,211,0,3,4,0,0,0,0,4.01,other,res1,True,False,False,False,T30,T30
121,30,30,0,1,0,LEU,45,45,0,3,4,0,0,0,0,3.83,other,res1,True,False,False,True,T30,T30
122,30,30,0,1,0,LEU,94,94,0,3,4,0,0,0,0,4.69,other,res1,True,False,False,False,T30,T30
123,30,30,0,1,0,LEU,44,44,0,3,4,0,0,0,0,2.79,other,res1,True,False,False,True,T30,T30
124,30,30,0,1,0,THR,42,42,0,3,4,0,0,0,0,4.06,other,res1,True,False,False,False,T30,T30
124,42,42,0,3,4,THR,30,30,0,1,0,0,0,0,0,4.06,other,res2,True,False,False,False,T42,T42
127,42,42,0,3,4,ASP,31,31,0,1,0,0,0,0,0,3.55,other,res2,True,False,False,True,T42,T42
129,42,42,0,3,4,VAL,32,32,0,1,0,0,0,0,0,2.85,other,res2,True,False,False,True,T42,T42
132,42,42,0,3,4,SER,33,33,0,1,0,0,0,0,0,4.94,other,res2,True,False,False,False,T42,T42
140,16,16,0,3,4,ARG,38,38,0,1,0,0,0,0,0,3.64,other,res2,True,False,False,True,T16,T16
141,102,102,0,1,4,ARG,38,38,0,1,0,0,0,0,0,3.48,hydrogen_bond_like,res2,True,False,True,True,T102,T102
142,17,17,0,3,4,ARG,38,38,0,1,0,0,0,0,0,3.91,other,res2,True,False,False,True,T17,T17
145,16,16,0,3,4,PHE,39,39,0,1,0,0,0,0,0,2.85,other,res2,True,False,False,True,T16,T16
148,17,17,0,3,4,PHE,39,39,0,1,0,0,0,0,0,4.85,other,res2,True,False,False,False,T17,T17
149,102,102,0,1,4,PHE,39,39,0,1,0,0,0,0,0,2.73,other,res2,True,False,False,True,T102,T102
150,101,101,0,1,4,PHE,39,39,0,1,0,0,0,0,0,4.58,other,res2,True,False,False,False,T101,T101
151,102,102,0,1,4,VAL,40,40,0,1,0,0,0,0,0,3.6,other,res2,True,False,False,True,T102,T102
152,101,101,0,1,4,LYS,41,41,0,1,0,0,0,0,0,3.33,hydrogen_bond_like,res2,True,False,True,True,T101,T101
164,60,60,0,1,0,TYR,97,97,0,3,4,0,0,0,0,3.68,other,res1,True,False,False,True,T60,T60
165,60,60,0,1,0,ASP,216,216,0,3,4,0,0,0,0,3.78,other,res1,True,False,False,True,T60,T60
168,102,102,0,1,4,LEU,61,61,0,1,0,0,0,0,0,4.67,other,res2,True,False,False,False,T102,T102
171,102,102,0,1,4,VAL,62,62,0,1,0,0,0,0,0,4.73,other,res2,True,False,False,False,T102,T102
182,21,21,0,3,4,GLU,77,77,0,1,0,0,0,0,0,3.36,hydrogen_bond_like,res2,True,False,True,True,T21,T21
206,101,101,0,1,0,LYS,41,41,0,1,1,0,0,0,0,3.33,hydrogen_bond_like,res1,True,False,True,True,T101,T101
207,101,101,0,1,0,LEU,177,177,0,1,1,0,0,0,0,4.6,other,res1,True,False,False,False,T101,T101
208,101,101,0,1,0,PHE,39,39,0,1,1,0,0,0,0,4.58,other,res1,True,False,False,False,T101,T101
209,102,102,0,1,0,PHE,39,39,0,1,1,0,0,0,0,2.73,other,res1,True,False,False,True,T102,T102
210,102,102,0,1,0,ARG,38,38,0,1,1,0,0,0,0,3.48,hydrogen_bond_like,res1,True,False,True,True,T102,T102
211,102,102,0,1,0,VAL,40,40,0,1,1,0,0,0,0,3.6,other,res1,True,False,False,True,T102,T102
212,102,102,0,1,0,VAL,62,62,0,1,1,0,0,0,0,4.73,other,res1,True,False,False,False,T102,T102
213,102,102,0,1,0,LEU,61,61,0,1,1,0,0,0,0,4.67,other,res1,True,False,False,False,T102,T102
227,21,21,0,3,4,ARG,114,114,0,1,0,0,0,0,0,4.32,other,res2,True,False,False,False,T21,T21
246,120,120,0,1,0,TYR,26,26,0,3,4,0,0,0,0,4.91,other,res1,True,False,False,False,T120,T120
258,161,161,0,1,0,PRO,208,208,0,1,1,0,0,0,0,2.97,other,res1,True,False,False,True,T161,T161
259,161,161,0,1,0,ALA,207,207,0,1,1,0,0,0,0,3.46,other,res1,True,False,False,True,T161,T161
260,161,161,0,1,0,VAL,206,206,0,1,1,0,0,0,0,4.24,other,res1,True,False,False,False,T161,T161
272,16,16,0,3,4,LEU,177,177,0,1,0,0,0,0,0,4.07,other,res2,True,False,False,False,T16,T16
273,101,101,0,1,4,LEU,177,177,0,1,0,0,0,0,0,4.6,other,res2,True,False,False,False,T101,T101
274,16,16,0,3,4,ARG,179,179,0,1,0,0,0,0,0,4.32,other,res2,True,False,False,False,T16,T16
276,17,17,0,3,4,ARG,179,179,0,1,0,0,0,0,0,3.99,other,res2,True,False,False,True,T17,T17
280,21,21,0,3,4,LYS,181,181,0,1,0,0,0,0,0,4.12,other,res2,True,False,False,False,T21,T21
286,185,185,0,1,0,PHE,41,41,0,3,4,0,0,0,0,3.13,other,res1,True,False,False,True,T185,T185
287,185,185,0,1,0,ARG,40,40,0,3,4,0,0,0,0,3.54,other,res1,True,False,False,True,T185,T185
288,185,185,0,1,0,GLY,39,39,0,3,4,0,0,0,0,4.27,other,res1,True,False,False,False,T185,T185
307,89,89,0,3,4,LEU,191,191,0,1,0,0,0,0,0,3.92,other,res2,True,False,False,True,T89,T89
333,197,197,0,1,0,LYS,84,84,0,3,4,0,0,0,0,3.19,hydrogen_bond_like,res1,True,False,True,True,T197,T197
341,177,177,0,3,4,ARG,200,200,0,1,0,0,0,0,0,3.17,hydrogen_bond_like,res2,True,False,True,True,T177,T177
342,178,178,0,3,4,ARG,200,200,0,1,0,0,0,0,0,3.82,other,res2,True,False,False,True,T178,T178
388,161,161,0,1,4,VAL,206,206,0,1,0,0,0,0,0,4.24,other,res2,True,False,False,False,T161,T161
389,161,161,0,1,4,ALA,207,207,0,1,0,0,0,0,0,3.46,other,res2,True,False,False,True,T161,T161
392,161,161,0,1,4,PRO,208,208,0,1,0,0,0,0,0,2.97,other,res2,True,False,False,True,T161,T161
400,115,115,0,3,0,LEU,9,9,0,2,0,1,0,0,0,2.87,other,res2,True,True,False,True,T115,T115
407,115,115,0,3,0,LEU,10,10,0,2,0,1,0,0,0,3.41,other,res2,True,True,False,True,T115,T115
419,2,2,0,1,1,ILE,14,14,0,2,0,1,0,0,0,4.57,other,res2,True,True,False,False,T2,T2
426,16,16,0,2,0,GLY,81,81,0,4,1,1,0,0,0,4.62,other,res1,True,True,False,False,T16,T16
427,16,16,0,2,0,ALA,82,82,0,4,1,1,0,0,0,2.77,other,res1,True,True,False,True,T16,T16
428,16,16,0,2,0,LEU,83,83,0,4,1,1,0,0,0,3.42,other,res1,True,True,False,True,T16,T16
429,16,16,0,2,0,LEU,84,84,0,4,1,1,0,0,0,2.82,other,res1,True,True,False,True,T16,T16
430,16,16,0,2,0,LEU,79,79,0,4,1,1,0,0,0,4.28,other,res1,True,True,False,False,T16,T16
431,17,17,0,2,0,LEU,84,84,0,4,1,1,0,0,0,3.19,other,res1,True,True,False,True,T17,T17
447,22,22,0,2,0,HIS,144,144,0,3,0,1,0,0,0,3.27,hydrogen_bond_like,res1,True,True,True,True,T22,T22
448,22,22,0,2,0,ALA,140,140,0,3,0,1,0,0,0,4.12,other,res1,True,True,False,False,T22,T22
449,22,22,0,2,0,CYS,142,142,0,3,0,1,0,0,0,3.99,other,res1,True,True,False,True,T22,T22
450,22,22,0,2,0,TYR,18,18,0,1,1,1,0,0,0,4.88,other,res1,True,True,False,False,T22,T22
451,23,23,0,2,0,GLU,146,146,0,3,0,1,0,0,0,3.05,hydrogen_bond_like,res1,True,True,True,True,T23,T23
452,23,23,0,2,0,ALA,145,145,0,3,0,1,0,0,0,3.3,other,res1,True,True,False,True,T23,T23
453,23,23,0,2,0,HIS,144,144,0,3,0,1,0,0,0,3.28,hydrogen_bond_like,res1,True,True,True,True,T23,T23
454,23,23,0,2,0,ASN,17,17,0,1,1,1,0,0,0,4.05,other,res1,True,True,False,False,T23,T23
455,23,23,0,2,0,TYR,18,18,0,1,1,1,0,0,0,4.17,other,res1,True,True,False,False,T23,T23
458,25,25,0,2,0,ASP,148,148,0,3,0,1,0,0,0,3.55,other,res1,True,True,False,True,T25,T25
459,25,25,0,2,0,ARG,120,120,0,3,0,1,0,0,0,3.0,hydrogen_bond_like,res1,True,True,True,True,T25,T25
460,25,25,0,2,0,GLU,146,146,0,3,0,1,0,0,0,3.02,hydrogen_bond_like,res1,True,True,True,True,T25,T25
461,25,25,0,2,0,TRP,147,147,0,3,0,1,0,0,0,3.39,other,res1,True,True,False,True,T25,T25
462,25,25,0,2,0,PHE,155,155,0,3,0,1,0,0,0,4.37,other,res1,True,True,False,False,T25,T25
463,25,25,0,2,0,THR,2,2,0,1,1,1,0,0,0,4.09,other,res1,True,True,False,False,T25,T25
463,2,2,0,1,1,THR,25,25,0,2,0,1,0,0,0,4.09,other,res2,True,True,False,False,T2,T2
465,26,26,0,2,0,ARG,120,120,0,3,0,1,0,0,0,3.58,other,res1,True,True,False,True,T26,T26
466,149,149,0,3,0,GLN,27,27,0,2,0,1,0,0,0,3.69,other,res2,True,True,False,True,T149,T149
471,2,2,0,1,1,GLN,27,27,0,2,0,1,0,0,0,4.18,other,res2,True,True,False,False,T2,T2
500,53,53,0,2,0,GLN,57,57,0,2,0,1,0,0,0,2.9,hydrogen_bond_like,res1,False,True,True,True,T53,T53
524,64,64,0,2,0,GLU,137,137,0,3,0,1,0,0,0,4.85,other,res1,True,True,False,False,T64,T64
529,71,71,0,2,4,VAL,70,70,0,2,2,21,0,-1,0,4.77,other,res2,True,True,False,False,T71,T71
530,71,71,0,2,2,GLN,196,196,0,2,4,21,0,-1,0,3.72,other,res1,True,True,False,True,T71,T71
531,71,71,0,2,2,PRO,195,195,0,2,4,21,0,-1,0,3.71,other,res1,True,True,False,True,T71,T71
532,71,71,0,2,2,VAL,70,70,0,2,4,21,0,-1,0,4.77,other,res1,True,True,False,False,T71,T71
555,110,110,0,2,0,THR,190,190,0,3,0,1,0,0,0,4.84,other,res1,True,True,False,False,T110,T110
555,190,190,0,3,0,THR,110,110,0,2,0,1,0,0,0,4.84,other,res2,True,True,False,False,T190,T190
556,110,110,0,2,0,ARG,120,120,0,3,0,1,0,0,0,3.76,other,res1,True,True,False,True,T110,T110
559,190,190,0,3,0,VAL,112,112,0,2,0,1,0,0,0,3.98,other,res2,True,True,False,True,T190,T190
572,115,115,0,3,4,GLN,115,115,0,2,0,0,0,0,0,2.87,hydrogen_bond_like,res2,True,False,True,True,T115,T115
574,115,115,0,3,0,GLN,115,115,0,2,0,1,0,0,0,3.03,hydrogen_bond_like,res2,True,True,True,True,T115,T115
579,115,115,0,3,4,PHE,116,116,0,2,0,0,0,0,0,3.73,other,res2,True,False,False,True,T115,T115
585,115,115,0,3,4,ASN,117,117,0,2,0,0,0,0,0,4.95,other,res2,True,False,False,False,T115,T115
586,112,112,0,3,4,GLY,118,118,0,2,0,0,0,0,0,3.35,other,res2,True,False,False,True,T112,T112
589,112,112,0,3,4,GLY,119,119,0,2,0,0,0,0,0,2.97,other,res2,True,False,False,True,T112,T112
590,112,112,0,3,4,CYS,120,120,0,2,0,0,0,0,0,3.57,other,res2,True,False,False,True,T112,T112
604,53,53,0,3,4,TYR,138,138,0,2,0,0,0,0,0,3.36,hydrogen_bond_like,res2,True,False,True,True,T53,T53
606,89,89,0,3,4,GLN,139,139,0,2,0,0,0,0,0,3.22,hydrogen_bond_like,res2,True,False,True,True,T89,T89
609,53,53,0,3,4,GLN,139,139,0,2,0,0,0,0,0,3.77,other,res2,True,False,False,True,T53,T53
610,141,141,0,2,0,PHE,54,54,0,3,4,0,0,0,0,4.24,other,res1,True,False,False,False,T141,T141
611,141,141,0,2,0,PRO,52,52,0,3,4,0,0,0,0,2.61,other,res1,True,False,False,True,T141,T141
612,141,141,0,2,0,LEU,202,202,0,3,4,0,0,0,0,4.72,other,res1,True,False,False,False,T141,T141
613,141,141,0,2,0,THR,53,53,0,3,4,0,0,0,0,3.55,other,res1,True,False,False,True,T141,T141
613,53,53,0,3,4,THR,141,141,0,2,0,0,0,0,0,3.55,other,res2,True,False,False,True,T53,T53
614,141,141,0,2,0,CYS,51,51,0,3,4,0,0,0,0,3.96,other,res1,True,False,False,True,T141,T141
616,53,53,0,3,4,LEU,142,142,0,2,0,0,0,0,0,4.41,other,res2,True,False,False,False,T53,T53
621,112,112,0,3,4,ASN,149,149,0,2,0,0,0,0,0,3.49,hydrogen_bond_like,res2,True,False,True,True,T112,T112
630,115,115,0,3,4,ARG,151,151,0,2,0,0,0,0,0,4.07,other,res2,True,False,False,False,T115,T115
632,149,149,0,3,4,ARG,151,151,0,2,0,0,0,0,0,4.55,other,res2,True,False,False,False,T149,T149
633,112,112,0,3,4,ARG,151,151,0,2,0,0,0,0,0,4.5,other,res2,True,False,False,False,T112,T112
637,152,152,0,2,0,SER,153,153,0,3,4,0,0,0,0,4.56,other,res1,True,False,False,False,T152,T152
638,152,152,0,2,0,LEU,151,151,0,3,4,0,0,0,0,4.77,other,res1,True,False,False,False,T152,T152
640,149,149,0,3,0,MET,154,154,0,2,0,1,0,0,0,4.33,other,res2,True,True,False,False,T149,T149
642,155,155,0,2,0,ASP,148,148,0,3,0,1,0,0,0,4.25,other,res1,True,True,False,False,T155,T155
643,155,155,0,2,0,ARG,120,120,0,3,0,1,0,0,0,4.4,other,res1,True,True,False,False,T155,T155
656,112,112,0,3,4,ALA,185,185,0,2,0,0,0,0,0,3.65,other,res2,True,False,False,True,T112,T112
659,188,188,0,2,0,GLY,196,196,0,3,4,0,0,0,0,4.93,other,res1,True,False,False,False,T188,T188
660,188,188,0,2,0,ASP,197,197,0,3,4,0,0,0,0,4.37,other,res1,True,False,False,False,T188,T188
661,188,188,0,2,0,PRO,114,114,0,3,4,0,0,0,0,4.71,other,res1,True,False,False,False,T188,T188
666,191,191,0,2,4,ASN,190,190,0,2,2,21,0,-1,0,4.68,other,res2,True,True,False,False,T191,T191
667,191,191,0,2,0,GLU,192,192,0,2,3,8,0,0,0,3.22,hydrogen_bond_like,res1,True,True,True,True,T191,T191
668,191,191,0,2,2,THR,191,191,0,2,4,21,0,-1,0,3.7,other,res1,True,True,False,True,T191,T191
668,191,191,0,2,4,THR,191,191,0,2,2,21,0,-1,0,3.7,other,res2,True,True,False,True,T191,T191
669,191,191,0,2,2,ASN,190,190,0,2,4,21,0,-1,0,4.68,other,res1,True,True,False,False,T191,T191
670,191,191,0,2,2,GLU,192,192,0,2,4,21,0,-1,0,4.43,other,res1,True,True,False,False,T191,T191
676,191,191,0,2,1,GLU,192,192,0,2,0,1,0,0,0,3.22,hydrogen_bond_like,res2,True,True,True,True,T191,T191
677,191,191,0,2,4,GLU,192,192,0,2,2,21,0,-1,0,4.43,other,res2,True,True,False,False,T191,T191
682,71,71,0,2,4,PRO,195,195,0,2,2,21,0,-1,0,3.71,other,res2,True,True,False,True,T71,T71
685,71,71,0,2,4,GLN,196,196,0,2,2,21,0,-1,0,3.72,other,res2,True,True,False,True,T71,T71
686,190,190,0,3,0,LYS,198,198,0,2,0,1,0,0,0,3.6,other,res2,True,True,False,True,T190,T190
687,190,190,0,3,0,TYR,200,200,0,2,0,1,0,0,0,3.6,other,res2,True,True,False,True,T190,T190
707,21,21,0,3,2,GLY,1,1,0,3,0,0,0,0,0,2.74,other,res2,True,False,False,True,T21,T21
717,21,21,0,3,2,ILE,2,2,0,3,0,0,0,0,0,4.38,other,res2,True,False,False,False,T21,T21
765,21,21,0,3,4,TYR,11,11,0,3,0,0,0,0,0,2.74,hydrogen_bond_like,res2,True,False,True,True,T21,T21
788,16,16,0,3,0,PHE,39,39,0,1,1,0,0,0,0,2.85,other,res1,True,False,False,True,T16,T16
789,16,16,0,3,0,LEU,177,177,0,1,1,0,0,0,0,4.07,other,res1,True,False,False,False,T16,T16
790,16,16,0,3,0,ARG,38,38,0,1,1,0,0,0,0,3.64,other,res1,True,False,False,True,T16,T16
791,16,16,0,3,0,ARG,179,179,0,1,1,0,0,0,0,4.32,other,res1,True,False,False,False,T16,T16
792,17,17,0,3,0,VAL,25,25,0,3,4,0,0,0,0,2.73,other,res1,True,False,False,True,T17,T17
793,17,17,0,3,0,TYR,26,26,0,3,4,0,0,0,0,4.78,other,res1,True,False,False,False,T17,T17
794,17,17,0,3,0,PHE,39,39,0,1,1,0,0,0,0,4.85,other,res1,True,False,False,False,T17,T17
795,17,17,0,3,0,ARG,179,179,0,1,1,0,0,0,0,3.99,other,res1,True,False,False,True,T17,T17
796,17,17,0,3,0,ARG,38,38,0,1,1,0,0,0,0,3.91,other,res1,True,False,False,True,T17,T17
797,17,17,0,3,0,ASN,17,17,0,4,1,0,0,0,0,3.13,hydrogen_bond_like,res1,True,False,True,True,T17,T17
807,18,18,0,4,1,PRO,19,19,0,3,0,0,0,0,0,3.43,other,res2,True,False,False,True,T18,T18
814,18,18,0,4,1,LYS,20,20,0,3,0,0,0,0,0,4.62,other,res2,True,False,False,False,T18,T18
822,21,21,0,3,0,TYR,11,11,0,3,1,0,0,0,0,2.74,hydrogen_bond_like,res1,True,False,True,True,T21,T21
823,21,21,0,3,0,ARG,114,114,0,1,1,0,0,0,0,4.32,other,res1,True,False,False,False,T21,T21
824,21,21,0,3,0,GLU,77,77,0,1,1,0,0,0,0,3.36,hydrogen_bond_like,res1,True,False,True,True,T21,T21
825,21,21,0,3,0,GLN,31,31,0,4,1,0,0,0,0,3.8,other,res1,True,False,False,True,T21,T21
826,21,21,0,3,0,ASN,24,24,0,4,1,0,0,0,0,3.58,other,res1,True,False,False,True,T21,T21
827,21,21,0,3,0,THR,18,18,0,4,1,0,0,0,0,4.1,other,res1,True,False,False,False,T21,T21
827,18,18,0,4,1,THR,21,21,0,3,0,0,0,0,0,4.1,other,res2,True,False,False,False,T18,T18
828,21,21,0,3,0,LYS,181,181,0,1,1,0,0,0,0,4.12,other,res1,True,False,False,False,T21,T21
829,21,21,0,3,0,ILE,2,2,0,3,3,0,0,0,0,4.38,other,res1,True,False,False,False,T21,T21
830,21,21,0,3,0,GLY,1,1,0,3,3,0,0,0,0,2.74,other,res1,True,False,False,True,T21,T21
857,17,17,0,3,1,VAL,25,25,0,3,0,0,0,0,0,2.73,other,res2,True,False,False,True,T17,T17
863,17,17,0,3,1,TYR,26,26,0,3,0,0,0,0,0,4.78,other,res2,True,False,False,False,T17,T17
871,120,120,0,1,1,TYR,26,26,0,3,0,0,0,0,0,4.91,other,res2,True,False,False,False,T120,T120
897,36,36,0,4,1,PHE,30,30,0,3,0,0,0,0,0,3.91,other,res2,True,False,False,True,T36,T36
907,36,36,0,4,1,ASN,31,31,0,3,0,0,0,0,0,2.8,hydrogen_bond_like,res2,True,False,True,True,T36,T36
914,36,36,0,4,1,PRO,32,32,0,3,0,0,0,0,0,3.74,other,res2,True,False,False,True,T36,T36
917,36,36,0,4,1,PRO,33,33,0,3,0,0,0,0,0,3.39,other,res2,True,False,False,True,T36,T36
931,36,36,0,4,1,ARG,34,34,0,3,0,0,0,0,0,4.27,other,res2,True,False,False,False,T36,T36
932,36,36,0,4,1,ASN,35,35,0,3,0,0,0,0,0,4.26,other,res2,True,False,False,False,T36,T36
957,185,185,0,1,1,GLY,39,39,0,3,0,0,0,0,0,4.27,other,res2,True,False,False,False,T185,T185
960,185,185,0,1,1,ARG,40,40,0,3,0,0,0,0,0,3.54,other,res2,True,False,False,True,T185,T185
968,185,185,0,1,1,PHE,41,41,0,3,0,0,0,0,0,3.13,other,res2,True,False,False,True,T185,T185
976,42,42,0,3,0,ASP,31,31,0,1,1,0,0,0,0,3.55,other,res1,True,False,False,True,T42,T42
977,42,42,0,3,0,VAL,32,32,0,1,1,0,0,0,0,2.85,other,res1,True,False,False,True,T42,T42
978,42,42,0,3,0,SER,33,33,0,1,1,0,0,0,0,4.94,other,res1,True,False,False,False,T42,T42
979,42,42,0,3,0,THR,30,30,0,1,1,0,0,0,0,4.06,other,res1,True,False,False,False,T42,T42
979,30,30,0,1,1,THR,42,42,0,3,0,0,0,0,0,4.06,other,res2,True,False,False,False,T30,T30
980,42,42,0,3,0,ASN,65,65,0,4,1,0,0,0,0,2.55,hydrogen_bond_like,res1,True,False,True,False,T42,T42
982,30,30,0,1,1,ASN,43,43,0,3,0,0,0,0,0,2.72,hydrogen_bond_like,res2,True,False,True,True,T30,T30
987,30,30,0,1,1,LEU,44,44,0,3,0,0,0,0,0,2.79,other,res2,True,False,False,True,T30,T30
991,30,30,0,1,1,LEU,45,45,0,3,0,0,0,0,0,3.83,other,res2,True,False,False,True,T30,T30
1002,12,12,0,1,1,GLU,49,49,0,3,0,0,0,0,0,4.27,other,res2,True,False,False,False,T12,T12
1010,141,141,0,2,1,CYS,51,51,0,3,0,0,0,0,0,3.96,other,res2,True,False,False,True,T141,T141
1013,141,141,0,2,1,PRO,52,52,0,3,0,0,0,0,0,2.61,other,res2,True,False,False,True,T141,T141
1014,53,53,0,3,0,TYR,138,138,0,2,1,0,0,0,0,3.36,hydrogen_bond_like,res1,True,False,True,True,T53,T53
1015,53,53,0,3,0,GLN,139,139,0,2,1,0,0,0,0,3.77,other,res1,True,False,False,True,T53,T53
1016,53,53,0,3,0,THR,141,141,0,2,1,0,0,0,0,3.55,other,res1,True,False,False,True,T53,T53
1016,141,141,0,2,1,THR,53,53,0,3,0,0,0,0,0,3.55,other,res2,True,False,False,True,T141,T141
1017,53,53,0,3,0,LEU,142,142,0,2,1,0,0,0,0,4.41,other,res1,True,False,False,False,T53,T53
1022,141,141,0,2,1,PHE,54,54,0,3,0,0,0,0,0,4.24,other,res2,True,False,False,False,T141,T141
1056,197,197,0,1,1,LYS,84,84,0,3,0,0,0,0,0,3.19,hydrogen_bond_like,res2,True,False,True,True,T197,T197
1068,89,89,0,3,0,GLN,139,139,0,2,1,0,0,0,0,3.22,hydrogen_bond_like,res1,True,False,True,True,T89,T89
1069,89,89,0,3,0,LEU,191,191,0,1,1,0,0,0,0,3.92,other,res1,True,False,False,True,T89,T89
1082,30,30,0,1,1,LEU,94,94,0,3,0,0,0,0,0,4.69,other,res2,True,False,False,False,T30,T30
1090,60,60,0,1,1,TYR,97,97,0,3,0,0,0,0,0,3.68,other,res2,True,False,False,True,T60,T60
1096,30,30,0,1,1,TYR,98,98,0,3,0,0,0,0,0,3.46,hydrogen_bond_like,res2,True,False,True,True,T30,T30
1097,104,104,0,3,0,VAL,15,15,0,1,1,0,0,0,0,4.19,other,res1,True,False,False,False,T104,T104
1098,13,13,0,1,1,ASN,106,106,0,3,0,0,0,0,0,3.11,hydrogen_bond_like,res2,True,False,True,True,T13,T13
1099,12,12,0,1,1,ASN,106,106,0,3,0,0,0,0,0,3.74,other,res2,True,False,False,True,T12,T12
1109,112,112,0,3,0,CYS,120,120,0,2,1,0,0,0,0,3.57,other,res1,True,False,False,True,T112,T112
1110,112,112,0,3,0,ALA,185,185,0,2,1,0,0,0,0,3.65,other,res1,True,False,False,True,T112,T112
1111,112,112,0,3,0,ASN,149,149,0,2,1,0,0,0,0,3.49,hydrogen_bond_like,res1,True,False,True,True,T112,T112
1112,112,112,0,3,0,GLY,119,119,0,2,1,0,0,0,0,2.97,other,res1,True,False,False,True,T112,T112
1113,112,112,0,3,0,ARG,151,151,0,2,1,0,0,0,0,4.5,other,res1,True,False,False,False,T112,T112
1114,112,112,0,3,0,GLY,118,118,0,2,1,0,0,0,0,3.35,other,res1,True,False,False,True,T112,T112
1125,188,188,0,2,1,PRO,114,114,0,3,0,0,0,0,0,4.71,other,res2,True,False,False,False,T188,T188
1126,115,115,0,3,0,PHE,116,116,0,2,1,0,0,0,0,3.73,other,res1,True,False,False,True,T115,T115
1127,115,115,0,3,0,ARG,151,151,0,2,1,0,0,0,0,4.07,other,res1,True,False,False,False,T115,T115
1128,115,115,0,3,0,ASN,117,117,0,2,1,0,0,0,0,4.95,other,res1,True,False,False,False,T115,T115
1129,115,115,0,3,0,GLN,115,115,0,2,1,0,0,0,0,2.87,hydrogen_bond_like,res1,True,False,True,True,T115,T115
1197,149,149,0,3,0,ARG,151,151,0,2,1,0,0,0,0,4.55,other,res1,True,False,False,False,T149,T149
1204,152,152,0,2,1,LEU,151,151,0,3,0,0,0,0,0,4.77,other,res2,True,False,False,False,T152,T152
1212,2,2,0,1,1,ASN,152,152,0,3,0,0,0,0,0,3.15,hydrogen_bond_like,res2,True,False,True,True,T2,T2
1219,152,152,0,2,1,SER,153,153,0,3,0,0,0,0,0,4.56,other,res2,True,False,False,False,T152,T152
1227,1,1,0,1,1,LYS,154,154,0,3,0,0,0,0,0,3.9,other,res2,True,False,False,True,T1,T1
1228,2,2,0,1,1,LYS,154,154,0,3,0,0,0,0,0,3.03,hydrogen_bond_like,res2,True,False,True,True,T2,T2
1230,1,1,0,1,1,PHE,155,155,0,3,0,0,0,0,0,3.36,other,res2,True,False,False,True,T1,T1
1231,2,2,0,1,1,PHE,155,155,0,3,0,0,0,0,0,3.95,other,res2,True,False,False,True,T2,T2
1233,156,156,0,3,0,THR,13,13,0,1,1,0,0,0,0,3.26,hydrogen_bond_like,res1,True,False,True,True,T156,T156
1233,13,13,0,1,1,THR,156,156,0,3,0,0,0,0,0,3.26,hydrogen_bond_like,res2,True,False,True,True,T13,T13
1234,156,156,0,3,0,VAL,11,11,0,1,1,0,0,0,0,3.89,other,res1,True,False,False,True,T156,T156
1235,156,156,0,3,0,THR,1,1,0,1,1,0,0,0,0,3.15,hydrogen_bond_like,res1,True,False,True,True,T156,T156
1235,1,1,0,1,1,THR,156,156,0,3,0,0,0,0,0,3.15,hydrogen_bond_like,res2,True,False,True,True,T1,T1
1237,13,13,0,1,1,PHE,157,157,0,3,0,0,0,0,0,3.97,other,res2,True,False,False,True,T13,T13
1238,13,13,0,1,1,SER,158,158,0,3,0,0,0,0,0,3.16,hydrogen_bond_like,res2,True,False,True,True,T13,T13
1241,14,14,0,1,1,SER,158,158,0,3,0,0,0,0,0,3.3,hydrogen_bond_like,res2,True,False,True,True,T14,T14
1268,177,177,0,3,0,ARG,200,200,0,1,1,0,0,0,0,3.17,hydrogen_bond_like,res1,True,False,True,True,T177,T177
1269,178,178,0,3,0,ARG,200,200,0,1,1,0,0,0,0,3.82,other,res1,True,False,False,True,T178,T178
1287,188,188,0,2,1,GLY,196,196,0,3,0,0,0,0,0,4.93,other,res2,True,False,False,False,T188,T188
1288,188,188,0,2,1,ASP,197,197,0,3,0,0,0,0,0,4.37,other,res2,True,False,False,False,T188,T188
1293,141,141,0,2,1,LEU,202,202,0,3,0,0,0,0,0,4.72,other,res2,True,False,False,False,T141,T141
1295,12,12,0,1,1,ALA,205,205,0,3,0,0,0,0,0,4.46,other,res2,True,False,False,False,T12,T12
1297,12,12,0,1,1,GLY,206,206,0,3,0,0,0,0,0,4.29,other,res2,True,False,False,False,T12,T12
1300,22,22,0,1,1,LYS,207,207,0,3,0,0,0,0,0,4.0,other,res2,True,False,False,True,T22,T22
1301,12,12,0,1,1,LYS,207,207,0,3,0,0,0,0,0,3.54,other,res2,True,False,False,True,T12,T12
1302,14,14,0,1,1,LYS,207,207,0,3,0,0,0,0,0,4.15,other,res2,True,False,False,False,T14,T14
1307,22,22,0,1,1,ASP,208,208,0,3,0,0,0,0,0,3.56,other,res2,True,False,False,True,T22,T22
1318,30,30,0,1,1,LEU,211,211,0,3,0,0,0,0,0,4.01,other,res2,True,False,False,False,T30,T30
1337,60,60,0,1,1,ASP,216,216,0,3,0,0,0,0,0,3.78,other,res2,True,False,False,True,T60,T60
1354,17,17,0,3,4,ASN,17,17,0,4,0,0,0,0,0,3.13,hydrogen_bond_like,res2,True,False,True,True,T17,T17
1360,18,18,0,4,0,PRO,19,19,0,3,4,0,0,0,0,3.43,other,res1,True,False,False,True,T18,T18
1361,18,18,0,4,0,TYR,30,30,0,4,4,0,0,0,0,3.16,hydrogen_bond_like,res1,True,False,True,True,T18,T18
1362,18,18,0,4,0,LYS,20,20,0,3,4,0,0,0,0,4.62,other,res1,True,False,False,False,T18,T18
1363,18,18,0,4,0,THR,21,21,0,3,4,0,0,0,0,4.1,other,res1,True,False,False,False,T18,T18
1363,21,21,0,3,4,THR,18,18,0,4,0,0,0,0,0,4.1,other,res2,True,False,False,False,T21,T21
1364,18,18,0,4,0,MET,27,27,0,4,4,0,0,0,0,4.47,other,res1,True,False,False,False,T18,T18
1383,21,21,0,3,4,ASN,24,24,0,4,0,0,0,0,0,3.58,other,res2,True,False,False,True,T21,T21
1406,18,18,0,4,1,MET,27,27,0,4,0,0,0,0,0,4.47,other,res2,True,False,False,False,T18,T18
1415,18,18,0,4,1,TYR,30,30,0,4,0,0,0,0,0,3.16,hydrogen_bond_like,res2,True,False,True,True,T18,T18
1419,21,21,0,3,4,GLN,31,31,0,4,0,0,0,0,0,3.8,other,res2,True,False,False,True,T21,T21
1432,36,36,0,4,0,ASN,31,31,0,3,4,0,0,0,0,2.8,hydrogen_bond_like,res1,True,False,True,True,T36,T36
1433,36,36,0,4,0,PRO,33,33,0,3,4,0,0,0,0,3.39,other,res1,True,False,False,True,T36,T36
1434,36,36,0,4,0,PRO,32,32,0,3,4,0,0,0,0,3.74,other,res1,True,False,False,True,T36,T36
1435,36,36,0,4,0,PHE,30,30,0,3,4,0,0,0,0,3.91,other,res1,True,False,False,True,T36,T36
1436,36,36,0,4,0,ARG,34,34,0,3,4,0,0,0,0,4.27,other,res1,True,False,False,False,T36,T36
1437,36,36,0,4,0,ASN,35,35,0,3,4,0,0,0,0,4.26,other,res1,True,False,False,False,T36,T36
1438,36,36,0,4,0,ARG,26,26,0,1,1,0,0,0,0,3.76,other,res1,True,False,False,True,T36,T36
1443,42,42,0,3,4,ASN,65,65,0,4,0,0,0,0,0,2.55,hydrogen_bond_like,res2,True,False,True,False,T42,T42
1467,16,16,0,2,3,LEU,79,79,0,4,0,8,0,0,0,4.28,other,res2,True,True,False,False,T16,T16
1471,16,16,0,2,3,GLY,81,81,0,4,0,8,0,0,0,4.62,other,res2,True,True,False,False,T16,T16
1474,16,16,0,2,3,ALA,82,82,0,4,0,8,0,0,0,2.77,other,res2,True,True,False,True,T16,T16
1477,16,16,0,2,3,LEU,83,83,0,4,0,8,0,0,0,3.42,other,res2,True,True,False,True,T16,T16
1480,17,17,0,2,3,LEU,84,84,0,4,0,8,0,0,0,3.19,other,res2,True,True,False,True,T17,T17
1481,16,16,0,2,3,LEU,84,84,0,4,0,8,0,0,0,2.82,other,res2,True,True,False,True,T16,T16
1971,1006,6,1,1,0,CYS,1107,107,1,1,4,0,0,0,0,3.88,other,res1,True,False,False,True,T6,T1006
1972,1006,6,1,1,0,ALA,1106,106,1,1,4,0,0,0,0,4.05,other,res1,True,False,False,False,T6,T1006
1973,1006,6,1,1,0,LEU,1095,95,1,1,4,0,0,0,0,4.38,other,res1,True,False,False,False,T6,T1006
1974,1006,6,1,1,0,PRO,1122,122,1,1,4,0,0,0,0,2.5,other,res1,True,False,False,False,T6,T1006
1975,1006,6,1,1,0,TRP,1109,109,1,1,4,0,0,0,0,4.31,other,res1,True,False,False,False,T6,T1006
1976,1006,6,1,1,0,PHE,1121,121,1,1,4,0,0,0,0,4.73,other,res1,True,False,False,False,T6,T1006
1977,1006,6,1,1,0,ILE,1123,123,1,1,4,0,0,0,0,4.6,other,res1,True,False,False,False,T6,T1006
2001,1044,44,1,1,18,LYS,1043,43,1,1,5,2,0,0,0,2.86,hydrogen_bond_like,res2,True,True,True,True,T44,T1044
2021,1110,110,1,1,4,VAL,1075,75,1,1,0,0,0,0,0,3.5,other,res2,True,False,False,True,T110,T1110
2023,1110,110,1,1,4,MET,1076,76,1,1,0,0,0,0,0,4.37,other,res2,True,False,False,False,T110,T1110
2024,1110,110,1,1,4,SER,1077,77,1,1,0,0,0,0,0,3.35,hydrogen_bond_like,res2,True,False,True,True,T110,T1110
2062,1006,6,1,1,1,LEU,1095,95,1,1,0,0,0,0,0,4.38,other,res2,True,False,False,False,T6,T1006
2088,1006,6,1,1,1,ALA,1106,106,1,1,0,0,0,0,0,4.05,other,res2,True,False,False,False,T6,T1006
2094,1006,6,1,1,1,CYS,1107,107,1,1,0,0,0,0,0,3.88,other,res2,True,False,False,True,T6,T1006
2103,1006,6,1,1,1,TRP,1109,109,1,1,0,0,0,0,0,4.31,other,res2,True,False,False,False,T6,T1006
2104,1110,110,1,1,0,SER,1077,77,1,1,1,0,0,0,0,3.35,hydrogen_bond_like,res1,True,False,True,True,T110,T1110
2105,1110,110,1,1,0,MET,1076,76,1,1,1,0,0,0,0,4.37,other,res1,True,False,False,False,T110,T1110
2106,1110,110,1,1,0,SER,1116,116,1,1,1,0,0,0,0,2.99,hydrogen_bond_like,res1,True,False,True,True,T110,T1110
2107,1110,110,1,1,0,VAL,1075,75,1,1,1,0,0,0,0,3.5,other,res1,True,False,False,True,T110,T1110
2121,1110,110,1,1,4,SER,1116,116,1,1,0,0,0,0,0,2.99,hydrogen_bond_like,res2,True,False,True,True,T110,T1110
2124,1006,6,1,1,1,PHE,1121,121,1,1,0,0,0,0,0,4.73,other,res2,True,False,False,False,T6,T1006
2125,1006,6,1,1,1,PRO,1122,122,1,1,0,0,0,0,0,2.5,other,res2,True,False,False,False,T6,T1006
2127,1006,6,1,1,1,ILE,1123,123,1,1,0,0,0,0,0,4.6,other,res2,True,False,False,False,T6,T1006
2142,2124,124,2,2,1,PRO,1128,128,1,1,0,0,0,0,0,2.8,other,res2,True,True,False,True,T124,T2124
2144,2124,124,2,2,1,ASN,1129,129,1,1,0,0,0,0,0,2.81,hydrogen_bond_like,res2,True,True,True,True,T124,T2124
2157,2124,124,2,2,1,TRP,1139,139,1,1,0,0,0,0,0,3.06,other,res2,True,True,False,True,T124,T2124
2172,2134,134,2,2,1,ASN,1141,141,1,1,0,0,0,0,0,3.75,other,res2,True,True,False,True,T134,T2134
2179,1143,143,1,1,0,ARG,2058,58,2,2,1,0,0,0,0,3.68,other,res1,True,True,False,True,T143,T1143
2180,1143,143,1,1,0,TYR,2059,59,2,2,1,0,0,0,0,3.96,other,res1,True,True,False,True,T143,T1143
2193,2024,24,2,2,0,GLN,3165,165,3,2,9,0,0,0,0,3.33,hydrogen_bond_like,res1,True,True,True,True,T24,T2024
2194,2024,24,2,2,0,ASP,3163,163,3,2,9,0,0,0,0,4.45,other,res1,True,True,False,False,T24,T2024
2202,1143,143,1,1,4,ARG,2058,58,2,2,0,0,0,0,0,3.68,other,res2,True,True,False,True,T143,T1143
2212,1143,143,1,1,4,TYR,2059,59,2,2,0,0,0,0,0,3.96,other,res2,True,True,False,True,T143,T1143
2222,2079,79,2,2,0,THR,3077,77,3,2,9,0,0,0,0,3.51,other,res1,True,True,False,True,T79,T2079
2222,3077,77,3,2,9,THR,2079,79,2,2,0,0,0,0,0,3.51,other,res2,True,True,False,True,T77,T3077
2223,2079,79,2,2,0,GLY,3079,79,3,2,9,0,0,0,0,4.83,other,res1,True,True,False,False,T79,T2079
2234,2093,93,2,2,0,ARG,3064,64,3,2,4,0,0,0,0,3.16,hydrogen_bond_like,res1,True,True,True,True,T93,T2093
2259,3065,65,3,2,4,PHE,2099,99,2,2,0,0,0,0,0,4.19,other,res2,True,True,False,False,T65,T3065
2284,3003,3,3,2,4,GLN,2105,105,2,2,0,0,0,0,0,4.93,other,res2,True,True,False,False,T3,T3003
2287,3077,77,3,2,9,GLN,2105,105,2,2,0,0,0,0,0,4.48,other,res2,True,True,False,False,T77,T3077
2311,2124,124,2,2,0,PRO,1128,128,1,1,4,0,0,0,0,2.8,other,res1,True,True,False,True,T124,T2124
2312,2124,124,2,2,0,TRP,1139,139,1,1,4,0,0,0,0,3.06,other,res1,True,True,False,True,T124,T2124
2313,2124,124,2,2,0,ASN,1129,129,1,1,4,0,0,0,0,2.81,hydrogen_bond_like,res1,True,True,True,True,T124,T2124
2314,2124,124,2,2,0,PHE,3140,140,3,2,4,0,0,0,0,4.78,other,res1,True,True,False,False,T124,T2124
2315,2124,124,2,2,0,ASN,3130,130,3,2,4,0,0,0,0,4.5,other,res1,True,True,False,False,T124,T2124
2330,2134,134,2,2,0,ASN,1141,141,1,1,4,0,0,0,0,3.75,other,res1,True,True,False,True,T134,T2134
2347,3167,167,3,2,9,HIS,2149,149,2,2,0,0,0,0,0,2.82,hydrogen_bond_like,res2,True,True,True,True,T167,T3167
2348,3077,77,3,2,9,HIS,2149,149,2,2,0,0,0,0,0,3.88,other,res2,True,True,False,True,T77,T3077
2353,3077,77,3,2,9,ASP,2150,150,2,2,0,0,0,0,0,3.21,hydrogen_bond_like,res2,True,True,True,True,T77,T3077
2356,3167,167,3,2,9,ASP,2150,150,2,2,0,0,0,0,0,4.33,other,res2,True,True,False,False,T167,T3167
2371,2155,155,2,2,0,MET,3161,161,3,2,9,0,0,0,0,4.13,other,res1,True,True,False,False,T155,T2155
2372,2155,155,2,2,0,PRO,3081,81,3,2,9,0,0,0,0,3.67,other,res1,True,True,False,True,T155,T2155
2373,2155,155,2,2,0,PRO,3160,160,3,2,9,0,0,0,0,4.74,other,res1,True,True,False,False,T155,T2155
2374,2155,155,2,2,0,ASN,3083,83,3,2,9,0,0,0,0,2.79,hydrogen_bond_like,res1,True,True,True,True,T155,T2155
2375,2155,155,2,2,0,THR,3084,84,3,2,9,0,0,0,0,3.58,other,res1,True,True,False,True,T155,T2155
2375,3084,84,3,2,9,THR,2155,155,2,2,0,0,0,0,0,3.58,other,res2,True,True,False,True,T84,T3084
2376,2155,155,2,2,0,ALA,3158,158,3,2,9,0,0,0,0,4.51,other,res1,True,True,False,False,T155,T2155
2377,2155,155,2,2,5,LYS,3034,34,3,2,8,2,0,0,0,4.4,other,res1,True,True,False,False,T155,T2155
2378,2155,155,2,2,5,GLN,3162,162,3,2,8,2,0,0,0,4.72,other,res1,True,True,False,False,T155,T2155
2379,2155,155,2,2,2,GLN,3162,162,3,2,15,2,1,0,0,4.39,other,res1,True,True,False,False,T155,T2155
2387,3036,36,3,2,8,PRO,2157,157,2,2,4,2,0,0,0,4.28,other,res2,True,True,False,False,T36,T3036
2412,2189,189,2,2,11,ASN,3035,35,3,2,2,3,1,0,-1,3.79,other,res1,True,True,False,True,T189,T2189
2417,3120,120,3,2,16,MET,3001,1,3,2,0,0,0,0,0,3.78,other,res2,True,False,False,True,T120,T3120
2425,3120,120,3,2,16,GLU,3002,2,3,2,0,0,0,0,0,4.0,other,res2,True,False,False,True,T120,T3120
2428,3003,3,3,2,0,GLN,2105,105,2,2,1,0,0,0,0,4.93,other,res1,True,True,False,False,T3,T3003
2429,3003,3,3,2,0,ALA,3122,122,3,2,16,0,0,0,0,2.87,other,res1,True,False,False,True,T3,T3003
2431,3003,3,3,2,0,MET,3123,123,3,2,16,0,0,0,0,4.45,other,res1,True,False,False,False,T3,T3003
2432,3003,3,3,2,0,VAL,3075,75,3,2,16,0,0,0,0,4.65,other,res1,True,False,False,False,T3,T3003
2437,3077,77,3,2,16,LEU,3005,5,3,2,0,0,0,0,0,4.21,other,res2,True,False,False,False,T77,T3077
2498,3159,159,3,2,4,LYS,3034,34,3,2,8,2,0,-1,0,3.01,hydrogen_bond_like,res2,True,True,True,True,T159,T3159
2501,3159,159,3,2,8,LYS,3034,34,3,2,4,2,0,0,0,4.35,other,res2,True,True,False,False,T159,T3159
2503,3159,159,3,2,14,LYS,3034,34,3,2,15,3,1,-1,0,2.74,hydrogen_bond_like,res2,True,True,True,True,T159,T3159
2506,3159,159,3,2,15,LYS,3034,34,3,2,14,3,1,-1,-1,3.55,other,res2,True,True,False,True,T159,T3159
2509,3159,159,3,2,4,ASN,3035,35,3,2,8,2,0,-1,0,3.15,hydrogen_bond_like,res2,True,True,True,True,T159,T3159
2513,3157,157,3,2,8,ASN,3035,35,3,2,4,2,0,0,0,4.41,other,res2,True,True,False,False,T157,T3157
2515,3159,159,3,2,8,ASN,3035,35,3,2,4,2,0,0,0,3.76,other,res2,True,True,False,True,T159,T3159
2518,3157,157,3,2,14,ASN,3035,35,3,2,15,3,1,-1,0,4.51,other,res2,True,True,False,False,T157,T3157
2521,3159,159,3,2,15,ASN,3035,35,3,2,14,3,1,-1,-1,2.76,hydrogen_bond_like,res2,True,True,True,True,T159,T3159
2545,3065,65,3,2,16,ARG,3057,57,3,2,0,0,0,0,0,2.85,hydrogen_bond_like,res2,True,False,True,True,T65,T3065
2560,2093,93,2,2,1,ARG,3064,64,3,2,0,0,0,0,0,3.16,hydrogen_bond_like,res2,True,True,True,True,T93,T2093
2566,3065,65,3,2,0,PHE,2099,99,2,2,1,0,0,0,0,4.19,other,res1,True,True,False,False,T65,T3065
2567,3065,65,3,2,0,ARG,3057,57,3,2,16,0,0,0,0,2.85,hydrogen_bond_like,res1,True,False,True,True,T65,T3065
2580,3003,3,3,2,16,VAL,3075,75,3,2,0,0,0,0,0,4.65,other,res2,True,False,False,False,T3,T3003
2582,3077,77,3,2,0,LEU,3005,5,3,2,16,0,0,0,0,4.21,other,res1,True,False,False,False,T77,T3077
2583,3077,77,3,2,0,HIS,2149,149,2,2,17,0,0,0,0,3.88,other,res1,True,True,False,True,T77,T3077
2584,3077,77,3,2,0,ASP,2150,150,2,2,17,0,0,0,0,3.21,hydrogen_bond_like,res1,True,True,True,True,T77,T3077
2585,3077,77,3,2,0,THR,2079,79,2,2,17,0,0,0,0,3.51,other,res1,True,True,False,True,T77,T3077
2585,2079,79,2,2,17,THR,3077,77,3,2,0,0,0,0,0,3.51,other,res2,True,True,False,True,T79,T2079
2586,3077,77,3,2,0,GLN,2105,105,2,2,17,0,0,0,0,4.48,other,res1,True,True,False,False,T77,T3077
2591,2079,79,2,2,17,GLY,3079,79,3,2,0,0,0,0,0,4.83,other,res2,True,True,False,False,T79,T2079
2600,2155,155,2,2,17,PRO,3081,81,3,2,0,0,0,0,0,3.67,other,res2,True,True,False,True,T155,T2155
2605,2155,155,2,2,17,ASN,3083,83,3,2,0,0,0,0,0,2.79,hydrogen_bond_like,res2,True,True,True,True,T155,T2155
2607,3084,84,3,2,0,THR,2155,155,2,2,17,0,0,0,0,3.58,other,res1,True,True,False,True,T84,T3084
2607,2155,155,2,2,17,THR,3084,84,3,2,0,0,0,0,0,3.58,other,res2,True,True,False,True,T155,T2155
2613,3120,120,3,2,0,MET,3001,1,3,2,16,0,0,0,0,3.78,other,res1,True,False,False,True,T120,T3120
2614,3120,120,3,2,0,GLU,3002,2,3,2,16,0,0,0,0,4.0,other,res1,True,False,False,True,T120,T3120
2618,3003,3,3,2,16,ALA,3122,122,3,2,0,0,0,0,0,2.87,other,res2,True,False,False,True,T3,T3003
2624,3003,3,3,2,16,MET,3123,123,3,2,0,0,0,0,0,4.45,other,res2,True,False,False,False,T3,T3003
2626,2124,124,2,2,1,ASN,3130,130,3,2,0,0,0,0,0,4.5,other,res2,True,True,False,False,T124,T2124
2633,2124,124,2,2,1,PHE,3140,140,3,2,0,0,0,0,0,4.78,other,res2,True,True,False,False,T124,T2124
2646,2155,155,2,2,17,ALA,3158,158,3,2,0,0,0,0,0,4.51,other,res2,True,True,False,False,T155,T2155
2656,3159,159,3,2,4,PRO,3160,160,3,2,8,2,0,0,0,4.33,other,res1,True,True,False,False,T159,T3159
2658,3159,159,3,2,15,THR,3159,159,3,2,14,3,1,-1,0,3.63,other,res1,True,True,False,True,T159,T3159
2658,3159,159,3,2,14,THR,3159,159,3,2,15,3,1,-1,0,3.63,other,res2,True,True,False,True,T159,T3159
2664,2155,155,2,2,17,PRO,3160,160,3,2,0,0,0,0,0,4.74,other,res2,True,True,False,False,T155,T2155
2672,2155,155,2,2,17,MET,3161,161,3,2,0,0,0,0,0,4.13,other,res2,True,True,False,False,T155,T2155
2700,2024,24,2,2,17,ASP,3163,163,3,2,0,0,0,0,0,4.45,other,res2,True,True,False,False,T24,T2024
2707,2024,24,2,2,17,GLN,3165,165,3,2,0,0,0,0,0,3.33,hydrogen_bond_like,res2,True,True,True,True,T24,T2024
2709,3167,167,3,2,0,HIS,2149,149,2,2,17,0,0,0,0,2.82,hydrogen_bond_like,res1,True,True,True,True,T167,T3167
2710,3167,167,3,2,0,ASP,2150,150,2,2,17,0,0,0,0,4.33,other,res1,True,True,False,False,T167,T3167
