"alignment_position","reference_position_1CWP","reference_residue","conservation_symbol"
12,1,"M","*"
13,2,"S","*"
16,5,"G","."
17,6,"T",":"
18,7,"G","*"
19,8,"K","*"
21,10,"T",":"
22,11,"R","*"
23,12,"A","*"
24,13,"Q","*"
25,14,"R","*"
26,15,"R","*"
29,18,"A","*"
30,19,"R","*"
31,20,"K","."
33,22,"K",":"
42,29,"Q",":"
43,30,"P","*"
44,31,"V","*"
45,32,"I",":"
46,33,"V",":"
47,34,"E","*"
50,37,"A",":"
51,38,"S",":"
52,39,"G","*"
54,41,"G","*"
55,42,"K",":"
58,45,"K",":"
59,46,"A","*"
62,49,"G","*"
65,52,"V",":"
66,53,"S",":"
68,55,"W","*"
71,58,"S","."
74,61,"A","*"
78,64,"A","*"
79,65,"K",":"
81,67,"T","*"
82,68,"S","."
84,70,"I",":"
85,71,"T",":"
86,72,"I",":"
87,73,"S","."
88,74,"L","*"
89,75,"P","*"
91,77,"E",":"
92,78,"L","*"
93,79,"S","*"
94,80,"S","*"
95,81,"E","*"
96,82,"R",":"
97,83,"N","."
98,84,"K","*"
100,86,"L","*"
101,87,"K","*"
102,88,"V","*"
103,89,"G","."
104,90,"R","*"
105,91,"V",":"
106,92,"L",":"
107,93,"L",":"
108,94,"W","*"
109,95,"L",":"
110,96,"G","*"
111,97,"L",":"
112,98,"L",":"
113,99,"P","*"
114,100,"S","*"
115,101,"V",":"
116,102,"S","."
117,103,"G","*"
119,105,"V",":"
120,106,"K","*"
121,107,"S","."
122,108,"C","*"
123,109,"V",":"
124,110,"T",":"
126,112,"T","."
127,113,"Q","*"
133,119,"S",":"
134,120,"F","*"
135,121,"Q","*"
137,123,"A","*"
138,124,"L","*"
139,125,"A","*"
141,127,"A","*"
142,128,"D","*"
143,129,"N","."
144,130,"S",":"
145,131,"K","*"
146,132,"D",":"
147,133,"V","*"
149,135,"A","."
150,136,"A","*"
151,137,"M",":"
152,138,"Y","*"
154,140,"E",":"
156,142,"F","*"
157,143,"K",":"
158,144,"G","*"
160,146,"T","*"
161,147,"L","*"
163,149,"Q",":"
164,150,"L",":"
167,153,"D","."
168,154,"L","*"
170,156,"I","*"
171,157,"Y","*"
172,158,"L","*"
173,159,"Y","*"
174,160,"S",":"
175,161,"S","."
177,163,"A","."
178,164,"L",":"
183,169,"V",":"
184,170,"I",":"
185,171,"V","*"
186,172,"H","*"
187,173,"L","*"
188,174,"E","*"
189,175,"V","*"
190,176,"E","*"
191,177,"H","*"
193,179,"R","."
194,180,"P","*"
195,181,"T","."
196,182,"F",":"
197,183,"D",":"
200,186,"F","*"
201,187,"T","*"
203,189,"V",":"
